Word,Count
*,154
,44
@param,38
by,21
@author,17
@return,17
tro,11
nha,11
default,10
2014,10
Auto-generated,10
cua,10
Sep,10
Tools,10
Generated,10
4.0.0,10
cac,10
Hibernate,10
package,10
TODO,10
4:09:16,9
generated,9
\9,\,9
hbm2java,9
PM,9
request,8
the,8
danh,8
sach,8
Luong,7
lonel_000,7
Duc,7
model,7
Duy,7
Load,6
stub,6
comment,6
cho,6
principal,6
:,6
dang,6
id,5
tin,5
constructor,5
thong,4
to,4
catch,4
like,4
block,4
nhatro,3
files,3
get,3
view,3
theo,3
user,3
form,3
new,3
nguoi,3
luong_000,3
chua,3
home,3
thanh,3
file,3
vu,3
Phuong,3
for,3
cau,3
passed,3
phong,3
mot,3
requests,2
nhap,2
vao,2
ly,2
motel,2
if,2
can,2
an,2
page,2
phuc,2
tai,2
application,2
URL:,2
dau,2
tren,2
nho,2
**************************************************,2
Show,2
card,2
value,2
this,2
dung,2
de,2
da,2
hien,2
response,2
Comment,2
ajax,2
xep,2
as,2
from,2
auto,2
kiem,2
Handles,2
yeu,2
trang,2
nhaTroId,2
***************************************************,2
ngay,2
author:,2
gia,2
hom,2
path,1
be,1
(files.size(),1
\qua,\,1
sure,1
receives,1
get():,1
/rest/controller/get/{value},1
attachment,1
format,1
hinhs);,1
void,1
3,1
End,1
Yeu,1
list,1
2,1
iterator,1
qua,1
xem,1
Them,1
fileMeta,1
Remove,1
Persistentlogin,1
sap,1
MultipartHttpServletRequest,1
tien,1
Userrole,1
phay,1
Security,1
each,1
local,1
URL,1
10,1
mucGiaMax,1
create,1
exists),1
Set,1
http,1
2.3,1
Build,1
loaiNhaTro,1
vien,1
upload():,1
AM,1
2.1,1
List<Hinh>,1
2.4,1
2.2,1
\[{"\fileName"\:"\app_engine-85x77.png"\,"\fileSize"\:"\8\,1
server,1
Thich,1
Hinh,1
MultipartFile,1
\model.addAttribute("\hinhs"\,\,1
ArrayList<Hinh>(nhatro.getHinhs());,1
chi,1
/rest/controller/upload,1
ket,1
Converts,1
Quan,1
selects,1
=,1
khac,1
thu,1
>=,1
trai,1
add,1
authorities,1
quan,1
lay,1
json,1
disk,1
Like,1
Spring,1
kinhDo,1
copy,1
tra,1
will,1
loai,1
tim,1
noi,1
org.springframework.security.core.userdetails.User,1
\D:/temp/files"\\,1
name,1
duoc,1
10:16:40,1
nhatroId,1
\Kb"\,"\fileType"\:"\image/png"\},...]\,1
see,1
LinkedList<FileMeta>,1
Add,1
method,1
cach,1
thang,1
tu,1
in,1
remove,1
next,1
returning,1
mucGiaMin,1
comments,1
>,1
Search,1
inComments,1
build,1
jsp,1
hop,1
actor:,1
Phuc,1
old,1
HttpServletResponse,1
Ajax,1
dienTichMax,1
motels,1
render,1
Tai,1
Save,1
com.mkyong.users.model.User,1
Simply,1
its,1
all,1
Sap,1
viDo,1
hay,1
\nay,\,1
doc,1
(make,1
10),1
Kiem,1
so,1
tieu,1
Tim,1
1,1
\"\e.g\,1
user's,1
result,1
ngan,1
ben,1
files.pop();,1
List,1
luong,1
User,1
Tach,1
phu,1
\10,\,1
Loai,1
admin,1
Toado,1
PHuong,1
nay,1
hinhs,1
first,1
dienTichMin,1
Loaiphong,1
files.add(fileMeta);,1
